{
  "accuracy": 0.956140350877193,
  "precision": 0.9560729421281235,
  "recall": 0.956140350877193,
  "f1": 0.9560273762928302
}